PROVINCIA,CODICE COMUNE,NOME COMUNE,POPOLAZIONE TOTALE
Belluno,25001,Agordo,4019
Belluno,25003,Alleghe,1088
Belluno,25004,Arsie,2168
Belluno,25005,Auronzo di Cadore,3027
Belluno,25006,Belluno,35543
Belluno,25007,Borca di Cadore,803
Belluno,25008,Calalzo di Cadore,1829
Belluno,25010,Cencenighe Agordino,1217
Belluno,25011,Cesiomaggiore,3942
Belluno,25012,Chies d'Alpago,1240
Belluno,25013,Cibiana di Cadore,336
Belluno,25014,Colle Santa Lucia,340
Belluno,25015,Comelico Superiore,2075
Belluno,25016,Cortina d'Ampezzo,5491
Belluno,25017,Danta di Cadore,422
Belluno,25018,Domegge di Cadore,2223
Belluno,25019,Falcade,1746
Belluno,25021,Feltre,20631
Belluno,25022,Fonzaso,2980
Belluno,25023,Canale d'Agordo,1063
Belluno,25025,Gosaldo,517
Belluno,25026,Lamon,2600
Belluno,25027,La Valle Agordina,1059
Belluno,25029,Limana,5418
Belluno,25030,Livinallongo del Col di Lana,1247
Belluno,25032,Lorenzago di Cadore,524
Belluno,25033,Lozzo di Cadore,1229
Belluno,25035,Ospitale di Cadore,261
Belluno,25036,Pedavena,4301
Belluno,25037,Perarolo di Cadore,358
Belluno,25039,Pieve di Cadore,3602
Belluno,25040,Ponte nelle Alpi,7910
Belluno,25043,Rivamonte Agordino,602
Belluno,25044,Rocca Pietore,1126
Belluno,25045,San Gregorio nelle Alpi,1569
Belluno,25046,San Gregorio nelle Alpi,374
Belluno,25047,San Pietro di Cadore,1450
Belluno,25048,Santa Giustina,6602
Belluno,25049,San Tomaso Agordino,593
Belluno,25050,Santo Stefano di Cadore,2314
Belluno,25051,San Vito di Cadore,1916
Belluno,25053,Sedico,10129
Belluno,25054,Selva di Cadore,502
Belluno,25055,Seren del Grappa,2332
Belluno,25056,Sospirolo,3109
Belluno,25057,Soverzene,363
Belluno,25058,Sovramonte,1302
Belluno,25059,Taibon Agordino,1722
Belluno,25060,Tambre,1278
Belluno,25062,Vallada Agordina,461
Belluno,25063,Valle di Cadore,1813
Belluno,25065,Vigo di Cadore,1334
Belluno,25066,Vodo Cadore,832
Belluno,25067,Voltago Agordino,791
Belluno,25069,Zoppe di Cadore,180
Belluno,25071,Longarone,5018
Belluno,25072,Alpago,6621
Belluno,25073,Val di Zoldo,2735
Belluno,25074,Borgo Valbelluna,13580
Belluno,25075,Setteville,5851
Padova,28001,Abano Terme,20464
Padova,28002,Agna,3148
Padova,28003,Albignasego,27350
Padova,28004,Anguillara Veneta,4106
Padova,28005,Arqua Petrarca,1779
Padova,28006,Arre,2069
Padova,28007,Arzergrande,4851
Padova,28008,Bagnoli di Sopra,3388
Padova,28009,Baone,3028
Padova,28010,Barbona,564
Padova,28011,Battaglia Terme,3897
Padova,28012,Boara Pisani,2357
Padova,28013,Borgoricco,9079
Padova,28014,Bovolenta,3422
Padova,28015,Brugine,7155
Padova,28016,Cadoneghe,15783
Padova,28017,Campodarsego,15123
Padova,28018,Campodoro,2687
Padova,28019,Camposampiero,11829
Padova,28020,Campo San Martino,5571
Padova,28021,Candiana,2159
Padova,28023,Carmignano di Brenta,7456
Padova,28026,Cartura,4564
Padova,28027,Casale di Scodosia,4643
Padova,28028,Casalserugo,5295
Padova,28029,Castelbaldo,1451
Padova,28030,Cervarese Santa Croce,5538
Padova,28031,Cinto Euganeo,1899
Padova,28032,Cittadella,20022
Padova,28033,Codevigo,6275
Padova,28034,Conselve,9976
Padova,28035,Correzzola,5200
Padova,28036,Curtarolo,7176
Padova,28037,Este,15888
Padova,28038,Fontaniva,8069
Padova,28039,Galliera Veneta,7137
Padova,28040,Galzignano Terme,4287
Padova,28041,Gazzo,4308
Padova,28042,Grantorto,4435
Padova,28043,Granze,1874
Padova,28044,Legnaro,9551
Padova,28045,Limena,8229
Padova,28046,Loreggia,7719
Padova,28047,Lozzo Atestino,3078
Padova,28048,Masera di Padova,9304
Padova,28049,Masi,1788
Padova,28050,Massanzago,6080
Padova,28052,Megliadino San Vitale,1792
Padova,28053,Merlara,2552
Padova,28054,Mestrino,11856
Padova,28055,Monselice,17075
Padova,28056,Montagnana,9110
Padova,28057,Montegrotto Terme,11543
Padova,28058,Noventa Padovana,11323
Padova,28059,Ospedaletto Euganeo,5611
Padova,28060,Padova,207412
Padova,28061,Pernumia,3756
Padova,28062,Piacenza d'Adige,1250
Padova,28063,Piazzola sul Brenta,11074
Padova,28064,Piombino Dese,9552
Padova,28065,Piove di Sacco,20236
Padova,28066,Polverara,3401
Padova,28067,Ponso,2434
Padova,28068,Pontelongo,3675
Padova,28069,Ponte San Nicolo,13133
Padova,28070,Pozzonovo,3409
Padova,28071,Rovolon,4868
Padova,28072,Rubano,17038
Padova,28073,Saccolongo,4922
Padova,28075,San Giorgio delle Pertiche,10093
Padova,28076,San Giorgio in Bosco,6347
Padova,28077,San Martino di Lupari,13218
Padova,28078,San Pietro in Gu,4124
Padova,28079,San Pietro Viminario,2981
Padova,28080,Santa Giustina in Colle,7145
Padova,28082,Sant'Angelo di Piove di Sacco,7297
Padova,28083,Sant'Elena,2531
Padova,28084,Sant'Urbano,1901
Padova,28085,Saonara,10643
Padova,28086,Selvazzano Dentro,22932
Padova,28087,Solesino,6733
Padova,28088,Stanghella,4145
Padova,28089,Teolo,8974
Padova,28090,Terrassa Padovana,2713
Padova,28091,Tombolo,8141
Padova,28092,Torreglia,6069
Padova,28093,Trebaseleghe,12984
Padova,28094,Tribano,4226
Padova,28095,Urbana,2027
Padova,28096,Veggiano,4832
Padova,28097,Vescovana,1659
Padova,28099,Vigodarzere,13211
Padova,28100,Vigonza,23258
Padova,28101,Villa del Conte,5650
Padova,28102,Villa Estense,2036
Padova,28103,Villafranca Padovana,10598
Padova,28104,Villanova di Camposampiero,6141
Padova,28105,Vo',3251
Padova,28106,Due Carrare,9022
Padova,28107,Borgo Veneto,6997
Padova,28108,Santa Caterina d'Este,2332
Rovigo,29001,Adria,18787
Rovigo,29002,Ariano nel Polesine,3815
Rovigo,29003,Arqua Polesine,2555
Rovigo,29004,Badia Polesine,10253
Rovigo,29005,Bagnolo di Po,1212
Rovigo,29006,Bergantino,2337
Rovigo,29007,Bosaro,1400
Rovigo,29008,Calto,681
Rovigo,29009,Canaro,2534
Rovigo,29010,Canda,821
Rovigo,29011,Castelguglielmo,1519
Rovigo,29012,Castelmassa,4012
Rovigo,29013,Castelnovo Bariano,2587
Rovigo,29014,Ceneselli,1558
Rovigo,29015,Ceregnano,3360
Rovigo,29017,Corbola,2225
Rovigo,29018,Costa di Rovigo,2457
Rovigo,29019,Crespino,1741
Rovigo,29021,Ficarolo,2167
Rovigo,29022,Fiesso Umbertiano,3901
Rovigo,29023,Frassinelle Polesine,1322
Rovigo,29024,Fratta Polesine,2442
Rovigo,29025,Gaiba,946
Rovigo,29026,Gavello,1442
Rovigo,29027,Giacciano con Baruchella,2077
Rovigo,29028,Guarda Veneta,1094
Rovigo,29029,Lendinara,11428
Rovigo,29030,Loreo,3206
Rovigo,29031,Lusia,3221
Rovigo,29032,Melara,1700
Rovigo,29033,Occhiobello,12052
Rovigo,29034,Papozze,1418
Rovigo,29035,Pettorazza Grimani,1410
Rovigo,29036,Pincara,1063
Rovigo,29037,Polesella,3637
Rovigo,29038,Pontecchio Polesine,2202
Rovigo,29039,Porto Tolle,8723
Rovigo,29040,Rosolina,6171
Rovigo,29041,Rovigo,49922
Rovigo,29042,Salara,1020
Rovigo,29043,San Bellino,1061
Rovigo,29044,San Martino di Venezze,3733
Rovigo,29045,Stienta,3054
Rovigo,29046,Taglio di Po,7891
Rovigo,29047,Trecenta,2595
Rovigo,29048,Villadose,4673
Rovigo,29049,Villamarzana,1116
Rovigo,29050,Villanova del Ghebbo,1953
Rovigo,29051,Villanova Marchesana,901
Rovigo,29052,Porto Viro,13739
Treviso,26001,Altivole,7078
Treviso,26002,Arcade,4445
Treviso,26003,Asolo,8911
Treviso,26004,Borso del Grappa,5959
Treviso,26005,Breda di Piave,7637
Treviso,26006,Caerano di San Marco,7884
Treviso,26007,Cappella Maggiore,4611
Treviso,26008,Carbonera,11254
Treviso,26009,Casale sul Sile,13074
Treviso,26010,Casier,11410
Treviso,26011,Castelcucco,2323
Treviso,26012,Castelfranco Veneto,33205
Treviso,26013,Castello di Godego,6953
Treviso,26014,Cavaso del Tomba,2930
Treviso,26015,Cessalto,3801
Treviso,26016,Chiarano,3594
Treviso,26017,Cimadolmo,3361
Treviso,26018,Cison di Valmarino,2478
Treviso,26019,Codogne,5260
Treviso,26020,Colle Umberto,4985
Treviso,26021,Conegliano,34578
Treviso,26022,Cordignano,6819
Treviso,26023,Cornuda,6113
Treviso,26025,Crocetta del Montello,6032
Treviso,26026,Farra di Soligo,8510
Treviso,26027,Follina,3607
Treviso,26028,Fontanelle,5650
Treviso,26029,Fonte,6018
Treviso,26030,Fregona,2762
Treviso,26031,Gaiarine,5942
Treviso,26032,Giavera del Montello,5091
Treviso,26033,Godega di Sant'Urbano,6009
Treviso,26034,Gorgo al Monticano,3961
Treviso,26035,Istrana,9082
Treviso,26036,Loria,9347
Treviso,26037,Mansue,4988
Treviso,26038,Mareno di Piave,9392
Treviso,26039,Maser,5138
Treviso,26040,Maserada sul Piave,9182
Treviso,26041,Meduna di Livenza,3014
Treviso,26042,Miane,3148
Treviso,26043,Mogliano Veneto,28017
Treviso,26044,Monastier di Treviso,4473
Treviso,26045,Monfumo,1292
Treviso,26046,Montebelluna,31142
Treviso,26047,Morgano,4484
Treviso,26048,Moriago della Battaglia,2849
Treviso,26049,Motta di Livenza,10577
Treviso,26050,Nervesa della Battaglia,6580
Treviso,26051,Oderzo,20244
Treviso,26052,Ormelle,4522
Treviso,26053,Orsago,3760
Treviso,26055,Paese,22174
Treviso,26056,Pederobba,7293
Treviso,26057,Pieve di Soligo,11500
Treviso,26058,Ponte di Piave,8279
Treviso,26059,Ponzano Veneto,13017
Treviso,26060,Portobuffole,738
Treviso,26061,Possagno,2296
Treviso,26062,Povegliano,5132
Treviso,26063,Preganziol,16759
Treviso,26064,Quinto di Treviso,10046
Treviso,26065,Refrontolo,1694
Treviso,26066,Resana,9435
Treviso,26067,Revine Lago,2136
Treviso,26068,Riese Pio X,10956
Treviso,26069,Roncade,14611
Treviso,26070,Salgareda,6529
Treviso,26071,San Biagio di Callalta,12641
Treviso,26072,San Fior,6856
Treviso,26073,San Pietro di Feletto,5125
Treviso,26074,San Polo di Piave,4846
Treviso,26075,Santa Lucia di Piave,9053
Treviso,26076,San Vendemiano,9750
Treviso,26077,San Zenone degli Ezzelini,7265
Treviso,26078,Sarmede,2974
Treviso,26079,Segusino,1798
Treviso,26080,Sernaglia della Battaglia,6105
Treviso,26081,Silea,10542
Treviso,26082,Spresiano,12399
Treviso,26083,Susegana,11719
Treviso,26084,Tarzo,4151
Treviso,26085,Trevignano,10696
Treviso,26086,Treviso,85652
Treviso,26087,Valdobbiadene,9918
Treviso,26088,Vazzola,6697
Treviso,26089,Vedelago,16554
Treviso,26090,Vidor,3587
Treviso,26091,Villorba,17526
Treviso,26092,Vittorio Veneto,27259
Treviso,26093,Volpago del Montello,10020
Treviso,26094,Zenson di Piave,1733
Treviso,26095,Zero Branco,11672
Treviso,26096,Pieve del Grappa,6646
Venezia,27001,Annone Veneto,3837
Venezia,27002,Campagna Lupia,7132
Venezia,27003,Campolongo Maggiore,10708
Venezia,27004,Camponogara,12959
Venezia,27005,Caorle,11038
Venezia,27006,Cavarzere,12773
Venezia,27007,Ceggia,6219
Venezia,27008,Chioggia,47265
Venezia,27009,Cinto Caomaggiore,3182
Venezia,27010,Cona,2770
Venezia,27011,Concordia Sagittaria,10251
Venezia,27012,Dolo,14985
Venezia,27013,Eraclea,11901
Venezia,27014,Fiesso d'Artico,8568
Venezia,27015,Fossalta di Piave,4245
Venezia,27016,Fossalta di Portogruaro,5750
Venezia,27017,Fosso,7137
Venezia,27018,Gruaro,2714
Venezia,27019,Jesolo,26994
Venezia,27020,Marcon,17708
Venezia,27021,Martellago,21242
Venezia,27022,Meolo,6172
Venezia,27023,Mira,37596
Venezia,27024,Mirano,27011
Venezia,27025,Musile di Piave,11454
Venezia,27026,Noale,16216
Venezia,27027,Noventa di Piave,7021
Venezia,27028,Pianiga,12251
Venezia,27029,Portogruaro,24381
Venezia,27030,Pramaggiore,4747
Venezia,27031,Quarto d'Altino,8009
Venezia,27032,Salzano,12770
Venezia,27033,San Dona di Piave,41902
Venezia,27034,San Michele al Tagliamento,11423
Venezia,27035,Santa Maria di Sala,17473
Venezia,27036,San Stino di Livenza,12764
Venezia,27037,Scorze,19010
Venezia,27038,Spinea,27724
Venezia,27039,Stra,7459
Venezia,27040,Teglio Veneto,2232
Venezia,27041,Torre di Mosto,4792
Venezia,27042,Venezia,249490
Venezia,27043,Vigonovo,9845
Venezia,27044,Cavallino-Treporti,13186
Verona,23001,Affi,2475
Verona,23002,Albaredo d'Adige,5254
Verona,23003,Angiari,2530
Verona,23004,Arcole,6412
Verona,23005,Badia Calavena,2655
Verona,23006,Bardolino,6861
Verona,23007,Belfiore,3391
Verona,23008,Bevilacqua,1800
Verona,23009,Bonavigo,2023
Verona,23010,Boschi Sant'Anna,1390
Verona,23011,Bosco Chiesanuova,3622
Verona,23012,Bovolone,16265
Verona,23013,Brentino Belluno,1354
Verona,23014,Brenzone sul Garda,2437
Verona,23015,Bussolengo,20943
Verona,23016,Buttapietra,7031
Verona,23017,Caldiero,8069
Verona,23018,Caprino Veronese,8749
Verona,23019,Casaleone,5618
Verona,23020,Castagnaro,3522
Verona,23021,Castel d'Azzano,12234
Verona,23022,Castelnuovo del Garda,13252
Verona,23023,Cavaion Veronese,5997
Verona,23024,Cazzano di Tramigna,1470
Verona,23025,Cerea,17084
Verona,23026,Cerro Veronese,2654
Verona,23027,Cologna Veneta,8422
Verona,23028,Colognola ai Colli,8726
Verona,23029,Concamarise,1060
Verona,23030,Costermano sul Garda,3967
Verona,23031,Dolce,2552
Verona,23032,Erbe,1926
Verona,23033,Erbezzo,840
Verona,23034,Ferrara di Monte Baldo,280
Verona,23035,Fumane,4179
Verona,23036,Garda,4093
Verona,23037,Gazzo Veronese,5239
Verona,23038,Grezzana,10792
Verona,23039,Illasi,5180
Verona,23040,Isola della Scala,11806
Verona,23041,Isola Rizza,3299
Verona,23042,Lavagno,8687
Verona,23043,Lazise,6850
Verona,23044,Legnago,25881
Verona,23045,Malcesine,3526
Verona,23046,Marano di Valpolicella,3110
Verona,23047,Mezzane di Sotto,2516
Verona,23048,Minerbe,4636
Verona,23049,Montecchia di Crosara,4322
Verona,23050,Monteforte d'Alpone,8994
Verona,23051,Mozzecane,8148
Verona,23052,Negrar di Valpolicella,16467
Verona,23053,Nogara,8390
Verona,23054,Nogarole Rocca,3880
Verona,23055,Oppeano,10376
Verona,23056,Palu,1207
Verona,23057,Pastrengo,3057
Verona,23058,Pescantina,17547
Verona,23059,Peschiera del Garda,10899
Verona,23060,Povegliano Veronese,7372
Verona,23061,Pressana,2511
Verona,23062,Rivoli Veronese,2338
Verona,23063,Ronca,3748
Verona,23064,Ronco all'Adige,6117
Verona,23065,Roverchiara,2614
Verona,23066,Roveredo di Gua,1630
Verona,23067,Rovere Veronese,2150
Verona,23068,Salizzole,3795
Verona,23069,San Bonifacio,21309
Verona,23070,San Giovanni Ilarione,4846
Verona,23071,San Giovanni Lupatoto,25470
Verona,23072,Sanguinetto,4234
Verona,23073,San Martino Buon Albergo,16590
Verona,23074,San Mauro di Saline,592
Verona,23075,San Pietro di Morubio,3102
Verona,23076,San Pietro in Cariano,12940
Verona,23077,Sant'Ambrogio di Valpolicella,11880
Verona,23078,Sant'Anna d'Alfaedo,2635
Verona,23079,San Zeno di Montagna,1500
Verona,23080,Selva di Progno,911
Verona,23081,Soave,7150
Verona,23082,Sommacampagna,14510
Verona,23083,Sona,17583
Verona,23084,Sorga,2959
Verona,23085,Terrazzo,2167
Verona,23086,Torri del Benaco,2888
Verona,23087,Tregnago,5092
Verona,23088,Trevenzuolo,2764
Verona,23089,Valeggio sul Mincio,16059
Verona,23090,Velo Veronese,769
Verona,23091,Verona,255039
Verona,23092,Veronella,5119
Verona,23093,Vestenanova,2520
Verona,23094,Vigasio,10346
Verona,23095,Villa Bartolomea,5893
Verona,23096,Villafranca di Verona,32836
Verona,23097,Zevio,15809
Verona,23098,Zimella,4889
Vicenza,24001,Agugliaro,1399
Vicenza,24002,Albettone,1998
Vicenza,24003,Alonte,1561
Vicenza,24004,Altavilla Vicentina,11776
Vicenza,24005,Altissimo,2146
Vicenza,24006,Arcugnano,7631
Vicenza,24007,Arsiero,3045
Vicenza,24008,Arzignano,25734
Vicenza,24009,Asiago,6236
Vicenza,24010,Asigliano Veneto,846
Vicenza,24012,Bassano del Grappa,42299
Vicenza,24013,Bolzano Vicentino,6506
Vicenza,24014,Breganze,8339
Vicenza,24015,Brendola,6665
Vicenza,24016,Bressanvido,3114
Vicenza,24017,Brogliano,4027
Vicenza,24018,Caldogno,11353
Vicenza,24019,Caltrano,2529
Vicenza,24020,Calvene,1271
Vicenza,24021,Camisano Vicentino,11119
Vicenza,24022,Campiglia dei Berici,1667
Vicenza,24024,Carre,3478
Vicenza,24025,Cartigliano,3680
Vicenza,24026,Cassola,15342
Vicenza,24027,Castegnero,2780
Vicenza,24028,Castelgomberto,6112
Vicenza,24029,Chiampo,12567
Vicenza,24030,Chiuppano,2524
Vicenza,24032,Cogollo del Cengio,3096
Vicenza,24034,Cornedo Vicentino,11698
Vicenza,24035,Costabissara,7640
Vicenza,24036,Creazzo,11160
Vicenza,24037,Crespadoro,1244
Vicenza,24038,Dueville,13563
Vicenza,24039,Enego,1506
Vicenza,24040,Fara Vicentino,3717
Vicenza,24041,Foza,667
Vicenza,24042,Gallio,2359
Vicenza,24043,Gambellara,3484
Vicenza,24046,Grisignano di Zocco,4328
Vicenza,24047,Grumolo delle Abbadesse,3893
Vicenza,24048,Isola Vicentina,10343
Vicenza,24049,Laghi,125
Vicenza,24050,Lastebasse,177
Vicenza,24051,Longare,5438
Vicenza,24052,Lonigo,15998
Vicenza,24053,Lugo di Vicenza,3525
Vicenza,24055,Malo,14701
Vicenza,24056,Marano Vicentino,9224
Vicenza,24057,Marostica,14052
Vicenza,24060,Montebello Vicentino,6358
Vicenza,24061,Montecchio Maggiore,23799
Vicenza,24062,Montecchio Precalcino,4880
Vicenza,24063,Monte di Malo,2824
Vicenza,24064,Montegalda,3414
Vicenza,24065,Montegaldella,1780
Vicenza,24066,Monteviale,2772
Vicenza,24067,Monticello Conte Otto,9070
Vicenza,24068,Montorso Vicentino,3008
Vicenza,24070,Mussolente,7574
Vicenza,24071,Nanto,3062
Vicenza,24072,Nogarole Vicentino,1248
Vicenza,24073,Nove,4888
Vicenza,24074,Noventa Vicentina,9183
Vicenza,24075,Orgiano,3003
Vicenza,24076,Pedemonte,674
Vicenza,24077,Pianezze,2204
Vicenza,24078,Piovene Rocchette,8256
Vicenza,24079,Pojana Maggiore,4241
Vicenza,24080,Posina,572
Vicenza,24081,Pove del Grappa,3149
Vicenza,24082,Pozzoleone,2746
Vicenza,24083,Quinto Vicentino,5824
Vicenza,24084,Recoaro Terme,5824
Vicenza,24085,Roana,4138
Vicenza,24086,Romano d'Ezzelino,14077
Vicenza,24087,Rosa,14599
Vicenza,24088,Rossano Veneto,8262
Vicenza,24089,Rotzo,636
Vicenza,24090,Salcedo,997
Vicenza,24091,Sandrigo,8303
Vicenza,24094,San Pietro Mussolino,1526
Vicenza,24095,Santorso,5608
Vicenza,24096,San Vito di Leguzzano,3507
Vicenza,24097,Sarcedo,5294
Vicenza,24098,Sarego,6820
Vicenza,24099,Schiavon,2582
Vicenza,24100,Schio,38875
Vicenza,24101,Solagna,1812
Vicenza,24102,Sossano,4135
Vicenza,24104,Tezze sul Brenta,13069
Vicenza,24105,Thiene,24009
Vicenza,24106,Tonezza del Cimone,516
Vicenza,24107,Torrebelvicino,5849
Vicenza,24108,Torri di Quartesolo,11799
Vicenza,24110,Trissino,8651
Vicenza,24111,Valdagno,25835
Vicenza,24112,Valdastico,1179
Vicenza,24113,Valli del Pasubio,3030
Vicenza,24115,Velo d'Astico,2253
Vicenza,24116,Vicenza,110468
Vicenza,24117,Villaga,1903
Vicenza,24118,Villaverla,6013
Vicenza,24119,Zane,6514
Vicenza,24120,Zermeghedo,1335
Vicenza,24121,Zovencedo,823
Vicenza,24122,Zugliano,6901
Vicenza,24123,Val Liona,3063
Vicenza,24124,Barbarano Mossano,6240
Vicenza,24125,Valbrenta,4828
Vicenza,24126,Colceresa,5922
Vicenza,24127,Lusiana Conco,4541
Vicenza,24128,Sovizzo,8216
